BAK,OVRL,PESQ,SIG
4.0000532139030085,3.1874015715851574,4.643888473510742,3.4934193906263302
