BAK,OVRL,PESQ,SIG
3.102334970564885,2.683086786475873,1.9548065242243977,3.3255309267489617
