BAK,OVRL,PESQ,SIG
3.4708430939042807,2.7849863256017016,2.1670489968323126,3.294798252918238
